,row,tconst,averageRating,numVotes
rownum,0.9994028,0.016613254,0.45460916,0.8411095
userId,0.0762161,0.0010391267,0.7387585,0.0018107316
movieId,0.15129885,0.0014410845,0.005840809,0.40869454
rating,0.44329423,0.03885228,0.99546736,0.003185915
timestamp,0.005521291,0.005665472,0.01784822,0.0048135743
