,row,tconst,titleType,primaryTitle,originalTitle,isAdult,startYear,endYear,runtimeMinutes,genres
rownum,0.9994028,0.028210213,0.00016568303,0.00010710473,0.00010928007,0.025089629,0.03889384,0.00036359663,0.0051088226,6.0336577e-05
movieId,0.6962681,0.0044986317,0.00027053404,0.00016522795,0.00017305878,0.0041996813,0.036893163,0.0002463063,0.00081726565,6.8994734e-05
title,0.00015204067,5.613488e-05,0.030299699,0.7711596,0.92902106,0.0026875657,0.00024236579,6.227118e-05,0.0003233752,0.00020253364
genres,6.8736015e-05,0.00017058148,0.000783144,0.010057571,0.013210907,0.00041842076,0.00017223619,0.0011040943,0.00058230886,0.9952181
